{
  "v": "4.10.1",
  "fr": 29.9700012207031,
  "ip": 0,
  "op": 84.0000034213901,
  "w": 800,
  "h": 600,
  "nm": "Progression",
  "ddd": 0,
  "assets": [],
  "layers": [
    {
      "ddd": 0,
      "ind": 1,
      "ty": 4,
      "nm": "3",
      "sr": 1,
      "ks": {
        "o": {
          "a": 0,
          "k": 100,
          "ix": 11
        },
        "r": {
          "a": 0,
          "k": 0,
          "ix": 10
        },
        "p": {
          "a": 0,
          "k": [
            400,
            300,
            0
          ],
          "ix": 2
        },
        "a": {
          "a": 0,
          "k": [
            0,
            4,
            0
          ],
          "ix": 1
        },
        "s": {
          "a": 0,
          "k": [
            160,
            160,
            100
          ],
          "ix": 6
        }
      },
      "ao": 0,
      "shapes": [
        {
          "ty": "gr",
          "it": [
            {
              "d": 1,
              "ty": "el",
              "s": {
                "a": 0,
                "k": [
                  236.008,
                  236.008
                ],
                "ix": 2
              },
              "p": {
                "a": 0,
                "k": [
                  0,
                  0
                ],
                "ix": 3
              },
              "nm": "Tracé d'ellipse 1",
              "mn": "ADBE Vector Shape - Ellipse",
              "hd": false
            },
            {
              "ty": "gs",
              "o": {
                "a": 0,
                "k": 100,
                "ix": 9
              },
              "w": {
                "a": 0,
                "k": 22,
                "ix": 10
              },
              "g": {
                "p": 3,
                "k": {
                  "a": 0,
                  "k": [
                    0,
                    1,
                    0.416,
                    0,
                    0.5,
                    0.967,
                    0.225,
                    0.237,
                    1,
                    0.933,
                    0.035,
                    0.475
                  ],
                  "ix": 8
                }
              },
              "s": {
                "a": 0,
                "k": [
                  -115.039,
                  62.979
                ],
                "ix": 4
              },
              "e": {
                "a": 0,
                "k": [
                  3.618,
                  -113.125
                ],
                "ix": 5
              },
              "t": 1,
              "lc": 2,
              "lj": 2,
              "nm": "Contour en dégradé 1",
              "mn": "ADBE Vector Graphic - G-Stroke",
              "hd": false
            },
            {
              "ty": "tr",
              "p": {
                "a": 0,
                "k": [
                  2.004,
                  2.004
                ],
                "ix": 2
              },
              "a": {
                "a": 0,
                "k": [
                  0,
                  0
                ],
                "ix": 1
              },
              "s": {
                "a": 0,
                "k": [
                  100,
                  100
                ],
                "ix": 3
              },
              "r": {
                "a": 0,
                "k": 0,
                "ix": 6
              },
              "o": {
                "a": 0,
                "k": 100,
                "ix": 7
              },
              "sk": {
                "a": 0,
                "k": 0,
                "ix": 4
              },
              "sa": {
                "a": 0,
                "k": 0,
                "ix": 5
              },
              "nm": "Transformer "
            }
          ],
          "nm": "Ellipse 1",
          "np": 3,
          "cix": 2,
          "ix": 1,
          "mn": "ADBE Vector Group",
          "hd": false
        },
        {
          "ty": "tm",
          "s": {
            "a": 0,
            "k": 0,
            "ix": 1
          },
          "e": {
            "a": 1,
            "k": [
              {
                "i": {
                  "x": [
                    0.423
                  ],
                  "y": [
                    0.979
                  ]
                },
                "o": {
                  "x": [
                    0.753
                  ],
                  "y": [
                    0.011
                  ]
                },
                "n": [
                  "0p423_0p979_0p753_0p011"
                ],
                "t": 0,
                "s": [
                  0.1
                ],
                "e": [
                  82
                ]
              },
              {
                "i": {
                  "x": [
                    0.833
                  ],
                  "y": [
                    1
                  ]
                },
                "o": {
                  "x": [
                    0.167
                  ],
                  "y": [
                    0
                  ]
                },
                "n": [
                  "0p833_1_0p167_0"
                ],
                "t": 30,
                "s": [
                  82
                ],
                "e": [
                  82
                ]
              },
              {
                "i": {
                  "x": [
                    0.332
                  ],
                  "y": [
                    0.999
                  ]
                },
                "o": {
                  "x": [
                    0.717
                  ],
                  "y": [
                    0.007
                  ]
                },
                "n": [
                  "0p332_0p999_0p717_0p007"
                ],
                "t": 52,
                "s": [
                  82
                ],
                "e": [
                  0.1
                ]
              },
              {
                "t": 77.0000031362743
              }
            ],
            "ix": 2
          },
          "o": {
            "a": 0,
            "k": 0,
            "ix": 3
          },
          "m": 1,
          "ix": 2,
          "nm": "Raccorder les tracés 1",
          "mn": "ADBE Vector Filter - Trim",
          "hd": false
        }
      ],
      "ip": 0,
      "op": 300.00001221925,
      "st": 0,
      "bm": 0
    },
    {
      "ddd": 0,
      "ind": 2,
      "ty": 4,
      "nm": "back3",
      "sr": 1,
      "ks": {
        "o": {
          "a": 0,
          "k": 20,
          "ix": 11
        },
        "r": {
          "a": 0,
          "k": 0,
          "ix": 10
        },
        "p": {
          "a": 0,
          "k": [
            396,
            300,
            0
          ],
          "ix": 2
        },
        "a": {
          "a": 0,
          "k": [
            0,
            4,
            0
          ],
          "ix": 1
        },
        "s": {
          "a": 0,
          "k": [
            160,
            160,
            100
          ],
          "ix": 6
        }
      },
      "ao": 0,
      "shapes": [
        {
          "ty": "gr",
          "it": [
            {
              "d": 1,
              "ty": "el",
              "s": {
                "a": 0,
                "k": [
                  236.008,
                  236.008
                ],
                "ix": 2
              },
              "p": {
                "a": 0,
                "k": [
                  0,
                  0
                ],
                "ix": 3
              },
              "nm": "Tracé d'ellipse 1",
              "mn": "ADBE Vector Shape - Ellipse",
              "hd": false
            },
            {
              "ty": "st",
              "c": {
                "a": 0,
                "k": [
                  0.933333333333,
                  0.035294117647,
                  0.474509803922,
                  1
                ],
                "ix": 3
              },
              "o": {
                "a": 0,
                "k": 100,
                "ix": 4
              },
              "w": {
                "a": 0,
                "k": 22,
                "ix": 5
              },
              "lc": 2,
              "lj": 2,
              "nm": "Contour 1",
              "mn": "ADBE Vector Graphic - Stroke",
              "hd": false
            },
            {
              "ty": "tr",
              "p": {
                "a": 0,
                "k": [
                  3.435,
                  3.137
                ],
                "ix": 2
              },
              "a": {
                "a": 0,
                "k": [
                  0,
                  0
                ],
                "ix": 1
              },
              "s": {
                "a": 0,
                "k": [
                  100,
                  100
                ],
                "ix": 3
              },
              "r": {
                "a": 0,
                "k": 0,
                "ix": 6
              },
              "o": {
                "a": 0,
                "k": 100,
                "ix": 7
              },
              "sk": {
                "a": 0,
                "k": 0,
                "ix": 4
              },
              "sa": {
                "a": 0,
                "k": 0,
                "ix": 5
              },
              "nm": "Transformer "
            }
          ],
          "nm": "Ellipse 1",
          "np": 3,
          "cix": 2,
          "ix": 1,
          "mn": "ADBE Vector Group",
          "hd": false
        },
        {
          "ty": "tm",
          "s": {
            "a": 0,
            "k": 0,
            "ix": 1
          },
          "e": {
            "a": 0,
            "k": 100,
            "ix": 2
          },
          "o": {
            "a": 0,
            "k": 0,
            "ix": 3
          },
          "m": 1,
          "ix": 2,
          "nm": "Raccorder les tracés 1",
          "mn": "ADBE Vector Filter - Trim",
          "hd": false
        }
      ],
      "ip": 0,
      "op": 300.00001221925,
      "st": 0,
      "bm": 0
    },
    {
      "ddd": 0,
      "ind": 3,
      "ty": 4,
      "nm": "2",
      "sr": 1,
      "ks": {
        "o": {
          "a": 0,
          "k": 100,
          "ix": 11
        },
        "r": {
          "a": 0,
          "k": 0,
          "ix": 10
        },
        "p": {
          "a": 0,
          "k": [
            400,
            300,
            0
          ],
          "ix": 2
        },
        "a": {
          "a": 0,
          "k": [
            0,
            4,
            0
          ],
          "ix": 1
        },
        "s": {
          "a": 0,
          "k": [
            128.333,
            128.333,
            100
          ],
          "ix": 6
        }
      },
      "ao": 0,
      "shapes": [
        {
          "ty": "gr",
          "it": [
            {
              "d": 1,
              "ty": "el",
              "s": {
                "a": 0,
                "k": [
                  236.008,
                  236.008
                ],
                "ix": 2
              },
              "p": {
                "a": 0,
                "k": [
                  0,
                  0
                ],
                "ix": 3
              },
              "nm": "Tracé d'ellipse 1",
              "mn": "ADBE Vector Shape - Ellipse",
              "hd": false
            },
            {
              "ty": "gs",
              "o": {
                "a": 0,
                "k": 100,
                "ix": 9
              },
              "w": {
                "a": 0,
                "k": 26,
                "ix": 10
              },
              "g": {
                "p": 3,
                "k": {
                  "a": 0,
                  "k": [
                    0.001,
                    0.212,
                    0.82,
                    0.863,
                    0.5,
                    0.284,
                    0.673,
                    0.88,
                    1,
                    0.357,
                    0.525,
                    0.898
                  ],
                  "ix": 8
                }
              },
              "s": {
                "a": 0,
                "k": [
                  -28.241,
                  70.952
                ],
                "ix": 4
              },
              "e": {
                "a": 0,
                "k": [
                  -113.945,
                  -114.223
                ],
                "ix": 5
              },
              "t": 1,
              "lc": 2,
              "lj": 2,
              "nm": "Contour en dégradé 1",
              "mn": "ADBE Vector Graphic - G-Stroke",
              "hd": false
            },
            {
              "ty": "tr",
              "p": {
                "a": 0,
                "k": [
                  2.004,
                  2.004
                ],
                "ix": 2
              },
              "a": {
                "a": 0,
                "k": [
                  0,
                  0
                ],
                "ix": 1
              },
              "s": {
                "a": 0,
                "k": [
                  100,
                  100
                ],
                "ix": 3
              },
              "r": {
                "a": 0,
                "k": 0,
                "ix": 6
              },
              "o": {
                "a": 0,
                "k": 100,
                "ix": 7
              },
              "sk": {
                "a": 0,
                "k": 0,
                "ix": 4
              },
              "sa": {
                "a": 0,
                "k": 0,
                "ix": 5
              },
              "nm": "Transformer "
            }
          ],
          "nm": "Ellipse 1",
          "np": 3,
          "cix": 2,
          "ix": 1,
          "mn": "ADBE Vector Group",
          "hd": false
        },
        {
          "ty": "tm",
          "s": {
            "a": 0,
            "k": 0,
            "ix": 1
          },
          "e": {
            "a": 1,
            "k": [
              {
                "i": {
                  "x": [
                    0.331
                  ],
                  "y": [
                    0.999
                  ]
                },
                "o": {
                  "x": [
                    0.649
                  ],
                  "y": [
                    0.01
                  ]
                },
                "n": [
                  "0p331_0p999_0p649_0p01"
                ],
                "t": 0,
                "s": [
                  0.3
                ],
                "e": [
                  63
                ]
              },
              {
                "i": {
                  "x": [
                    0.833
                  ],
                  "y": [
                    1
                  ]
                },
                "o": {
                  "x": [
                    0.167
                  ],
                  "y": [
                    0
                  ]
                },
                "n": [
                  "0p833_1_0p167_0"
                ],
                "t": 30,
                "s": [
                  63
                ],
                "e": [
                  63
                ]
              },
              {
                "i": {
                  "x": [
                    0.321
                  ],
                  "y": [
                    0.992
                  ]
                },
                "o": {
                  "x": [
                    0.712
                  ],
                  "y": [
                    0.013
                  ]
                },
                "n": [
                  "0p321_0p992_0p712_0p013"
                ],
                "t": 52,
                "s": [
                  63
                ],
                "e": [
                  0.3
                ]
              },
              {
                "t": 77.0000031362743
              }
            ],
            "ix": 2
          },
          "o": {
            "a": 0,
            "k": 0,
            "ix": 3
          },
          "m": 1,
          "ix": 2,
          "nm": "Raccorder les tracés 1",
          "mn": "ADBE Vector Filter - Trim",
          "hd": false
        }
      ],
      "ip": 0,
      "op": 300.00001221925,
      "st": 0,
      "bm": 0
    },
    {
      "ddd": 0,
      "ind": 4,
      "ty": 4,
      "nm": "back2",
      "sr": 1,
      "ks": {
        "o": {
          "a": 0,
          "k": 20,
          "ix": 11
        },
        "r": {
          "a": 0,
          "k": 0,
          "ix": 10
        },
        "p": {
          "a": 0,
          "k": [
            400,
            300,
            0
          ],
          "ix": 2
        },
        "a": {
          "a": 0,
          "k": [
            0,
            4,
            0
          ],
          "ix": 1
        },
        "s": {
          "a": 0,
          "k": [
            128.333,
            128.333,
            100
          ],
          "ix": 6
        }
      },
      "ao": 0,
      "shapes": [
        {
          "ty": "gr",
          "it": [
            {
              "d": 1,
              "ty": "el",
              "s": {
                "a": 0,
                "k": [
                  236.008,
                  236.008
                ],
                "ix": 2
              },
              "p": {
                "a": 0,
                "k": [
                  0,
                  0
                ],
                "ix": 3
              },
              "nm": "Tracé d'ellipse 1",
              "mn": "ADBE Vector Shape - Ellipse",
              "hd": false
            },
            {
              "ty": "st",
              "c": {
                "a": 0,
                "k": [
                  0.356862745098,
                  0.525490196078,
                  0.898039215686,
                  1
                ],
                "ix": 3
              },
              "o": {
                "a": 0,
                "k": 100,
                "ix": 4
              },
              "w": {
                "a": 0,
                "k": 26,
                "ix": 5
              },
              "lc": 2,
              "lj": 2,
              "nm": "Contour 1",
              "mn": "ADBE Vector Graphic - Stroke",
              "hd": false
            },
            {
              "ty": "tr",
              "p": {
                "a": 0,
                "k": [
                  2.004,
                  2.004
                ],
                "ix": 2
              },
              "a": {
                "a": 0,
                "k": [
                  0,
                  0
                ],
                "ix": 1
              },
              "s": {
                "a": 0,
                "k": [
                  100,
                  100
                ],
                "ix": 3
              },
              "r": {
                "a": 0,
                "k": 0,
                "ix": 6
              },
              "o": {
                "a": 0,
                "k": 100,
                "ix": 7
              },
              "sk": {
                "a": 0,
                "k": 0,
                "ix": 4
              },
              "sa": {
                "a": 0,
                "k": 0,
                "ix": 5
              },
              "nm": "Transformer "
            }
          ],
          "nm": "Ellipse 1",
          "np": 3,
          "cix": 2,
          "ix": 1,
          "mn": "ADBE Vector Group",
          "hd": false
        },
        {
          "ty": "tm",
          "s": {
            "a": 0,
            "k": 0,
            "ix": 1
          },
          "e": {
            "a": 0,
            "k": 100,
            "ix": 2
          },
          "o": {
            "a": 0,
            "k": 0,
            "ix": 3
          },
          "m": 1,
          "ix": 2,
          "nm": "Raccorder les tracés 1",
          "mn": "ADBE Vector Filter - Trim",
          "hd": false
        }
      ],
      "ip": 0,
      "op": 300.00001221925,
      "st": 0,
      "bm": 0
    },
    {
      "ddd": 0,
      "ind": 5,
      "ty": 4,
      "nm": "1",
      "sr": 1,
      "ks": {
        "o": {
          "a": 0,
          "k": 100,
          "ix": 11
        },
        "r": {
          "a": 0,
          "k": 0,
          "ix": 10
        },
        "p": {
          "a": 0,
          "k": [
            398,
            300,
            0
          ],
          "ix": 2
        },
        "a": {
          "a": 0,
          "k": [
            0,
            4,
            0
          ],
          "ix": 1
        },
        "s": {
          "a": 0,
          "k": [
            100,
            100,
            100
          ],
          "ix": 6
        }
      },
      "ao": 0,
      "shapes": [
        {
          "ty": "gr",
          "it": [
            {
              "d": 1,
              "ty": "el",
              "s": {
                "a": 0,
                "k": [
                  236.008,
                  236.008
                ],
                "ix": 2
              },
              "p": {
                "a": 0,
                "k": [
                  0,
                  0
                ],
                "ix": 3
              },
              "nm": "Tracé d'ellipse 1",
              "mn": "ADBE Vector Shape - Ellipse",
              "hd": false
            },
            {
              "ty": "gs",
              "o": {
                "a": 0,
                "k": 100,
                "ix": 9
              },
              "w": {
                "a": 0,
                "k": 30,
                "ix": 10
              },
              "g": {
                "p": 3,
                "k": {
                  "a": 0,
                  "k": [
                    0.001,
                    0.212,
                    0.82,
                    0.863,
                    0.5,
                    0.284,
                    0.673,
                    0.88,
                    1,
                    0.357,
                    0.525,
                    0.898
                  ],
                  "ix": 8
                }
              },
              "s": {
                "a": 0,
                "k": [
                  -114.766,
                  -112.594
                ],
                "ix": 4
              },
              "e": {
                "a": 0,
                "k": [
                  110.805,
                  119.023
                ],
                "ix": 5
              },
              "t": 1,
              "lc": 2,
              "lj": 2,
              "nm": "Contour en dégradé 1",
              "mn": "ADBE Vector Graphic - G-Stroke",
              "hd": false
            },
            {
              "ty": "tr",
              "p": {
                "a": 0,
                "k": [
                  2.004,
                  2.004
                ],
                "ix": 2
              },
              "a": {
                "a": 0,
                "k": [
                  0,
                  0
                ],
                "ix": 1
              },
              "s": {
                "a": 0,
                "k": [
                  100,
                  100
                ],
                "ix": 3
              },
              "r": {
                "a": 0,
                "k": 0,
                "ix": 6
              },
              "o": {
                "a": 0,
                "k": 100,
                "ix": 7
              },
              "sk": {
                "a": 0,
                "k": 0,
                "ix": 4
              },
              "sa": {
                "a": 0,
                "k": 0,
                "ix": 5
              },
              "nm": "Transformer "
            }
          ],
          "nm": "Ellipse 1",
          "np": 3,
          "cix": 2,
          "ix": 1,
          "mn": "ADBE Vector Group",
          "hd": false
        },
        {
          "ty": "tm",
          "s": {
            "a": 0,
            "k": 0,
            "ix": 1
          },
          "e": {
            "a": 1,
            "k": [
              {
                "i": {
                  "x": [
                    0.257
                  ],
                  "y": [
                    0.972
                  ]
                },
                "o": {
                  "x": [
                    0.772
                  ],
                  "y": [
                    0.013
                  ]
                },
                "n": [
                  "0p257_0p972_0p772_0p013"
                ],
                "t": 0,
                "s": [
                  0.8
                ],
                "e": [
                  40
                ]
              },
              {
                "i": {
                  "x": [
                    0.833
                  ],
                  "y": [
                    1
                  ]
                },
                "o": {
                  "x": [
                    0.167
                  ],
                  "y": [
                    0
                  ]
                },
                "n": [
                  "0p833_1_0p167_0"
                ],
                "t": 30,
                "s": [
                  40
                ],
                "e": [
                  40
                ]
              },
              {
                "i": {
                  "x": [
                    0.334
                  ],
                  "y": [
                    0.981
                  ]
                },
                "o": {
                  "x": [
                    0.71
                  ],
                  "y": [
                    -0.003
                  ]
                },
                "n": [
                  "0p334_0p981_0p71_-0p003"
                ],
                "t": 52,
                "s": [
                  40
                ],
                "e": [
                  0.8
                ]
              },
              {
                "t": 77.0000031362743
              }
            ],
            "ix": 2
          },
          "o": {
            "a": 0,
            "k": 0,
            "ix": 3
          },
          "m": 1,
          "ix": 2,
          "nm": "Raccorder les tracés 1",
          "mn": "ADBE Vector Filter - Trim",
          "hd": false
        }
      ],
      "ip": 0,
      "op": 300.00001221925,
      "st": 0,
      "bm": 0
    },
    {
      "ddd": 0,
      "ind": 6,
      "ty": 4,
      "nm": "back1",
      "sr": 1,
      "ks": {
        "o": {
          "a": 0,
          "k": 20,
          "ix": 11
        },
        "r": {
          "a": 0,
          "k": 0,
          "ix": 10
        },
        "p": {
          "a": 0,
          "k": [
            401,
            300,
            0
          ],
          "ix": 2
        },
        "a": {
          "a": 0,
          "k": [
            0,
            4,
            0
          ],
          "ix": 1
        },
        "s": {
          "a": 0,
          "k": [
            100,
            100,
            100
          ],
          "ix": 6
        }
      },
      "ao": 0,
      "shapes": [
        {
          "ty": "gr",
          "it": [
            {
              "d": 1,
              "ty": "el",
              "s": {
                "a": 0,
                "k": [
                  236.008,
                  236.008
                ],
                "ix": 2
              },
              "p": {
                "a": 0,
                "k": [
                  0,
                  0
                ],
                "ix": 3
              },
              "nm": "Tracé d'ellipse 1",
              "mn": "ADBE Vector Shape - Ellipse",
              "hd": false
            },
            {
              "ty": "st",
              "c": {
                "a": 0,
                "k": [
                  0.066666666667,
                  0.6,
                  0.556862745098,
                  1
                ],
                "ix": 3
              },
              "o": {
                "a": 0,
                "k": 100,
                "ix": 4
              },
              "w": {
                "a": 0,
                "k": 27,
                "ix": 5
              },
              "lc": 2,
              "lj": 2,
              "nm": "Contour 1",
              "mn": "ADBE Vector Graphic - Stroke",
              "hd": false
            },
            {
              "ty": "tr",
              "p": {
                "a": 0,
                "k": [
                  2.004,
                  2.004
                ],
                "ix": 2
              },
              "a": {
                "a": 0,
                "k": [
                  0,
                  0
                ],
                "ix": 1
              },
              "s": {
                "a": 0,
                "k": [
                  100,
                  100
                ],
                "ix": 3
              },
              "r": {
                "a": 0,
                "k": 0,
                "ix": 6
              },
              "o": {
                "a": 0,
                "k": 100,
                "ix": 7
              },
              "sk": {
                "a": 0,
                "k": 0,
                "ix": 4
              },
              "sa": {
                "a": 0,
                "k": 0,
                "ix": 5
              },
              "nm": "Transformer "
            }
          ],
          "nm": "Ellipse 1",
          "np": 3,
          "cix": 2,
          "ix": 1,
          "mn": "ADBE Vector Group",
          "hd": false
        },
        {
          "ty": "tm",
          "s": {
            "a": 0,
            "k": 0,
            "ix": 1
          },
          "e": {
            "a": 0,
            "k": 100,
            "ix": 2
          },
          "o": {
            "a": 0,
            "k": 0,
            "ix": 3
          },
          "m": 1,
          "ix": 2,
          "nm": "Raccorder les tracés 1",
          "mn": "ADBE Vector Filter - Trim",
          "hd": false
        }
      ],
      "ip": 0,
      "op": 300.00001221925,
      "st": 0,
      "bm": 0
    }
  ]
}